﻿<?xml version="1.0" encoding="utf-8"?>
<!--DO NOT EDIT. This document is generated by PSoC Creator design builds.-->
<PSoCCreatorIdeExport Version="1">
  <Device Part="CY8C6347BZI-BLD53" Processor="CortexM0p" DeviceID="E2072100" />
  <Toolchains>
    <Toolchain Name="ARM GCC Generic" Selected="True">
      <Tool Name="prebuild" Command="" Options="" />
      <Tool Name="assembler" Command="arm-none-eabi-as.exe" Options="-mcpu=cortex-m0plus -mthumb -I. -IGenerated_Source\PSoC6 -IGenerated_Source\PSoC6\pdl\cmsis/include/ -IGenerated_Source\PSoC6\pdl\devices/psoc6/ip/ -IGenerated_Source\PSoC6\pdl\devices/psoc6/psoc63/include/ -IGenerated_Source\PSoC6\pdl\drivers/peripheral/ -IGenerated_Source\PSoC6\pdl\middleware/ -IGenerated_Source\PSoC6\pdl\rtos/FreeRTOS/9.0.0/Source/include/ -IGenerated_Source\PSoC6\pdl\rtos/FreeRTOS/9.0.0/Source/portable/GCC/CM4F/ -IGenerated_Source\PSoC6\pdl\utilities/ -alh=${OutputDir}/${CompileFile}.lst -g -W" />
      <Tool Name="compiler" Command="arm-none-eabi-gcc.exe" Options="-mcpu=cortex-m0plus -mthumb -I. -IGenerated_Source\PSoC6 -IGenerated_Source\PSoC6\pdl\cmsis/include/ -IGenerated_Source\PSoC6\pdl\devices/psoc6/ip/ -IGenerated_Source\PSoC6\pdl\devices/psoc6/psoc63/include/ -IGenerated_Source\PSoC6\pdl\drivers/peripheral/ -IGenerated_Source\PSoC6\pdl\middleware/ -IGenerated_Source\PSoC6\pdl\rtos/FreeRTOS/9.0.0/Source/include/ -IGenerated_Source\PSoC6\pdl\rtos/FreeRTOS/9.0.0/Source/portable/GCC/CM4F/ -IGenerated_Source\PSoC6\pdl\utilities/ -Wa,-alh=${OutputDir}/${CompileFile}.lst -g -D DEBUG -D CY_CORE_ID=0 -D CY_PSOC_CREATOR_USED=1 -D CY8C6347BZI_BLD53 -Wall -ffunction-sections -ffat-lto-objects -Og" />
      <Tool Name="linker" Command="arm-none-eabi-gcc.exe" Options="-mcpu=cortex-m0plus -mthumb -L Generated_Source\PSoC6 -Wl,-Map,${OutputDir}/${ProjectShortName}.map -T cy8c6xx7_cm0plus.ld -specs=nano.specs -Wl,--gc-sections -g -ffunction-sections -Og -ffat-lto-objects" />
      <Tool Name="postbuild" Command="" Options="" />
    </Toolchain>
    <Toolchain Name="ARM MDK Generic" Selected="False">
      <Tool Name="prebuild" Command="" Options="" />
      <Tool Name="assembler" Command="armasm.exe" Options="--cpu=Cortex-M0plus --diag_style=gnu --thumb -i. -iGenerated_Source\PSoC6 -iGenerated_Source\PSoC6\pdl\cmsis/include/ -iGenerated_Source\PSoC6\pdl\devices/psoc6/ip/ -iGenerated_Source\PSoC6\pdl\devices/psoc6/psoc63/include/ -iGenerated_Source\PSoC6\pdl\drivers/peripheral/ -iGenerated_Source\PSoC6\pdl\middleware/ -iGenerated_Source\PSoC6\pdl\rtos/FreeRTOS/9.0.0/Source/include/ -iGenerated_Source\PSoC6\pdl\rtos/FreeRTOS/9.0.0/Source/portable/MDK/CM4F/ -iGenerated_Source\PSoC6\pdl\utilities/ -g --list=${OutputDir}/${CompileFile}.lst &quot;--predefine=__MICROLIB SETA 1&quot;" />
      <Tool Name="compiler" Command="armcc.exe" Options="--cpu=Cortex-M0plus --C99 --diag_style=gnu -I. -IGenerated_Source\PSoC6 -IGenerated_Source\PSoC6\pdl\cmsis/include/ -IGenerated_Source\PSoC6\pdl\devices/psoc6/ip/ -IGenerated_Source\PSoC6\pdl\devices/psoc6/psoc63/include/ -IGenerated_Source\PSoC6\pdl\drivers/peripheral/ -IGenerated_Source\PSoC6\pdl\middleware/ -IGenerated_Source\PSoC6\pdl\rtos/FreeRTOS/9.0.0/Source/include/ -IGenerated_Source\PSoC6\pdl\rtos/FreeRTOS/9.0.0/Source/portable/MDK/CM4F/ -IGenerated_Source\PSoC6\pdl\utilities/ --list --signed_chars -g -D DEBUG -D CY_CORE_ID=0 -D CY_PSOC_CREATOR_USED=1 -D CY8C6347BZI_BLD53 -O0 --split_sections -D__MICROLIB" />
      <Tool Name="linker" Command="armlink.exe" Options="--cpu=Cortex-M0plus --diag_style=gnu --no_startup --library_type=microlib --map --list ${OutputDir}/${ProjectShortName}.map --scatter cy8c6xx7_cm0plus.scat" />
      <Tool Name="postbuild" Command="" Options="" />
    </Toolchain>
    <Toolchain Name="ARM IAR Generic" Selected="False">
      <Tool Name="prebuild" Command="" Options="" />
      <Tool Name="assembler" Command="iasmarm.exe" Options="--cpu Cortex-M0+ -I. -IGenerated_Source\PSoC6 -IGenerated_Source\PSoC6\pdl\cmsis/include/ -IGenerated_Source\PSoC6\pdl\devices/psoc6/ip/ -IGenerated_Source\PSoC6\pdl\devices/psoc6/psoc63/include/ -IGenerated_Source\PSoC6\pdl\drivers/peripheral/ -IGenerated_Source\PSoC6\pdl\middleware/ -IGenerated_Source\PSoC6\pdl\rtos/FreeRTOS/9.0.0/Source/include/ -IGenerated_Source\PSoC6\pdl\rtos/FreeRTOS/9.0.0/Source/portable/IAR/CM4F/ -IGenerated_Source\PSoC6\pdl\utilities/ -s+ -M&lt;&gt; -w+ -r -DDEBUG --fpu None" />
      <Tool Name="compiler" Command="iccarm.exe" Options="--cpu Cortex-M0+ -D CY_PSOC_CREATOR_USED=1 -D CY8C6347BZI_BLD53 -I. -IGenerated_Source\PSoC6 -IGenerated_Source\PSoC6\pdl\cmsis/include/ -IGenerated_Source\PSoC6\pdl\devices/psoc6/ip/ -IGenerated_Source\PSoC6\pdl\devices/psoc6/psoc63/include/ -IGenerated_Source\PSoC6\pdl\drivers/peripheral/ -IGenerated_Source\PSoC6\pdl\middleware/ -IGenerated_Source\PSoC6\pdl\rtos/FreeRTOS/9.0.0/Source/include/ -IGenerated_Source\PSoC6\pdl\rtos/FreeRTOS/9.0.0/Source/portable/IAR/CM4F/ -IGenerated_Source\PSoC6\pdl\utilities/ -D DEBUG -D CY_CORE_ID=0 -I. -IGenerated_Source\PSoC6 -IGenerated_Source\PSoC6\pdl\cmsis/include/ -IGenerated_Source\PSoC6\pdl\devices/psoc6/ip/ -IGenerated_Source\PSoC6\pdl\devices/psoc6/psoc63/include/ -IGenerated_Source\PSoC6\pdl\drivers/peripheral/ -IGenerated_Source\PSoC6\pdl\middleware/ -IGenerated_Source\PSoC6\pdl\rtos/FreeRTOS/9.0.0/Source/include/ -IGenerated_Source\PSoC6\pdl\rtos/FreeRTOS/9.0.0/Source/portable/IAR/CM4F/ -IGenerated_Source\PSoC6\pdl\utilities/ -D DEBUG -D CY_CORE_ID=0 --no_cse --no_unroll --no_inline --no_code_motion --no_tbaa --no_clustering --no_scheduling --debug --endian=little -e --fpu=None -On --no_wrap_diagnostics" />
      <Tool Name="linker" Command="ilinkarm.exe" Options="--semihosting --config cy8c6xx7_cm0plus.icf" />
      <Tool Name="postbuild" Command="" Options="" />
    </Toolchain>
  </Toolchains>
  <Project Name="CE218139_BLE_Eddystone_RTOS" Path="Z:\CE218139_BLE_Eddystone_RTOS\CE218139_BLE_Eddystone_RTOS.cydsn" Version="Unknown" Type="Normal">
    <CMSIS_SVD_File>CE218139_BLE_Eddystone_RTOS.svd</CMSIS_SVD_File>
    <Datasheet />
    <LinkerFiles>
      <LinkerFile Toolchain="ARM GCC Generic">.\cy8c6xx7_cm0plus.ld</LinkerFile>
      <LinkerFile Toolchain="ARM MDK Generic">.\cy8c6xx7_cm0plus.scat</LinkerFile>
      <LinkerFile Toolchain="ARM IAR Generic">.\cy8c6xx7_cm0plus.icf</LinkerFile>
    </LinkerFiles>
    <Folders>
      <Folder BuildType="STRICT" Path="Z:\CE218139_BLE_Eddystone_RTOS\CE218139_BLE_Eddystone_RTOS.cydsn">
        <Files Root="Z:\CE218139_BLE_Eddystone_RTOS\CE218139_BLE_Eddystone_RTOS.cydsn">
          <File BuildType="BUILD" Toolchain="">main_cm0p.c</File>
          <File BuildType="BUILD" Toolchain="ARM GCC Generic">armgcc\startup\startup_psoc63_cm0plus.S</File>
          <File BuildType="BUILD" Toolchain="ARM IAR Generic">iar\startup\startup_psoc63_cm0plus.s</File>
          <File BuildType="BUILD" Toolchain="ARM MDK Generic">mdk\startup\startup_psoc63_cm0plus.s</File>
          <File BuildType="BUILD" Toolchain="">system_psoc63_cm0plus.c</File>
          <File BuildType="BUILD" Toolchain="ARM GCC Generic">cy8c6xx7_cm0plus.ld</File>
          <File BuildType="BUILD" Toolchain="ARM IAR Generic">cy8c6xx7_cm0plus.icf</File>
          <File BuildType="BUILD" Toolchain="ARM MDK Generic">cy8c6xx7_cm0plus.scat</File>
          <File BuildType="BUILD" Toolchain="">stdio_user.h</File>
          <File BuildType="BUILD" Toolchain="">cy_ipc_config.c</File>
          <File BuildType="BUILD" Toolchain="">cy_ipc_config.h</File>
          <File BuildType="BUILD" Toolchain="">cy_ble_config.h</File>
          <File BuildType="BUILD" Toolchain="">stdio_user.c</File>
          <File BuildType="BUILD" Toolchain="">system_psoc63.h</File>
        </Files>
      </Folder>
      <Folder BuildType="STRICT" Path="Z:\CE218139_BLE_Eddystone_RTOS\CE218139_BLE_Eddystone_RTOS.cydsn\Generated_Source\PSoC6">
        <Files Root="Z:\CE218139_BLE_Eddystone_RTOS\CE218139_BLE_Eddystone_RTOS.cydsn">
          <File BuildType="BUILD" Toolchain="">Generated_Source\PSoC6\cyfitter_cfg.h</File>
          <File BuildType="BUILD" Toolchain="">Generated_Source\PSoC6\cyfitter_sysint_cfg.h</File>
          <File BuildType="BUILD" Toolchain="">Generated_Source\PSoC6\cyfitter_sysint_cfg.c</File>
          <File BuildType="BUILD" Toolchain="">Generated_Source\PSoC6\cyfitter_gpio.h</File>
          <File BuildType="BUILD" Toolchain="">Generated_Source\PSoC6\cyfitter_sysint.h</File>
          <File BuildType="BUILD" Toolchain="">Generated_Source\PSoC6\cyfitter_cfg.c</File>
          <File BuildType="BUILD" Toolchain="">Generated_Source\PSoC6\cymetadata.c</File>
          <File BuildType="BUILD" Toolchain="">Generated_Source\PSoC6\cydevice_trm.h</File>
          <File BuildType="BUILD" Toolchain="">Generated_Source\PSoC6\cydevicegnu_trm.inc</File>
          <File BuildType="BUILD" Toolchain="">Generated_Source\PSoC6\cydevicerv_trm.inc</File>
          <File BuildType="BUILD" Toolchain="">Generated_Source\PSoC6\cydeviceiar_trm.inc</File>
          <File BuildType="BUILD" Toolchain="">Generated_Source\PSoC6\cyfitter.h</File>
          <File BuildType="BUILD" Toolchain="">Generated_Source\PSoC6\cydisabledsheets.h</File>
          <File BuildType="BUILD" Toolchain="">Generated_Source\PSoC6\BLE.h</File>
          <File BuildType="BUILD" Toolchain="">Generated_Source\PSoC6\BLE.c</File>
          <File BuildType="BUILD" Toolchain="">Generated_Source\PSoC6\BLE_config.c</File>
          <File BuildType="BUILD" Toolchain="">Generated_Source\PSoC6\BLE_config.h</File>
          <File BuildType="BUILD" Toolchain="">Generated_Source\PSoC6\CY_EINK_SPIM.c</File>
          <File BuildType="BUILD" Toolchain="">Generated_Source\PSoC6\CY_EINK_SPIM.h</File>
          <File BuildType="BUILD" Toolchain="">Generated_Source\PSoC6\ADC.c</File>
          <File BuildType="BUILD" Toolchain="">Generated_Source\PSoC6\ADC.h</File>
          <File BuildType="BUILD" Toolchain="">Generated_Source\PSoC6\ADC_INT.c</File>
          <File BuildType="BUILD" Toolchain="">Generated_Source\PSoC6\ADC_INIT.c</File>
          <File BuildType="BUILD" Toolchain="">Generated_Source\PSoC6\ADC_PM.c</File>
          <File BuildType="BUILD" Toolchain="">Generated_Source\PSoC6\CY_EINK_SPIM_SCBCLK.h</File>
          <File BuildType="BUILD" Toolchain="">Generated_Source\PSoC6\ADC_intSarClock.h</File>
          <File BuildType="BUILD" Toolchain="">Generated_Source\PSoC6\project.h</File>
          <File BuildType="BUILD" Toolchain="">Generated_Source\PSoC6\cycodeshareimport.ld</File>
          <File BuildType="BUILD" Toolchain="">Generated_Source\PSoC6\cycodeshareexport.ld</File>
          <File BuildType="BUILD" Toolchain="">Generated_Source\PSoC6\cycodeshareimport.scat</File>
        </Files>
      </Folder>
      <Folder BuildType="STRICT" Path="Z:\CE218139_BLE_Eddystone_RTOS\CE218139_BLE_Eddystone_RTOS.cydsn\Generated_Source\PSoC6\pdl\cmsis\include">
        <Files Root="Z:\CE218139_BLE_Eddystone_RTOS\CE218139_BLE_Eddystone_RTOS.cydsn">
          <File BuildType="BUILD" Toolchain="">Generated_Source\PSoC6\pdl\cmsis\include\arm_common_tables.h</File>
          <File BuildType="BUILD" Toolchain="">Generated_Source\PSoC6\pdl\cmsis\include\arm_const_structs.h</File>
          <File BuildType="BUILD" Toolchain="">Generated_Source\PSoC6\pdl\cmsis\include\arm_math.h</File>
          <File BuildType="BUILD" Toolchain="ARM MDK Generic">Generated_Source\PSoC6\pdl\cmsis\include\cmsis_armcc.h</File>
          <File BuildType="BUILD" Toolchain="ARM MDK Generic">Generated_Source\PSoC6\pdl\cmsis\include\cmsis_armclang.h</File>
          <File BuildType="BUILD" Toolchain="">Generated_Source\PSoC6\pdl\cmsis\include\cmsis_compiler.h</File>
          <File BuildType="BUILD" Toolchain="ARM GCC Generic">Generated_Source\PSoC6\pdl\cmsis\include\cmsis_gcc.h</File>
          <File BuildType="BUILD" Toolchain="">Generated_Source\PSoC6\pdl\cmsis\include\core_cm0plus.h</File>
          <File BuildType="BUILD" Toolchain="">Generated_Source\PSoC6\pdl\cmsis\include\core_cm4.h</File>
        </Files>
      </Folder>
      <Folder BuildType="STRICT" Path="Z:\CE218139_BLE_Eddystone_RTOS\CE218139_BLE_Eddystone_RTOS.cydsn\Generated_Source\PSoC6\pdl\drivers\peripheral\sysint">
        <Files Root="Z:\CE218139_BLE_Eddystone_RTOS\CE218139_BLE_Eddystone_RTOS.cydsn">
          <File BuildType="BUILD" Toolchain="">Generated_Source\PSoC6\pdl\drivers\peripheral\sysint\cy_sysint.c</File>
          <File BuildType="BUILD" Toolchain="">Generated_Source\PSoC6\pdl\drivers\peripheral\sysint\cy_sysint.h</File>
        </Files>
      </Folder>
      <Folder BuildType="STRICT" Path="Z:\CE218139_BLE_Eddystone_RTOS\CE218139_BLE_Eddystone_RTOS.cydsn\Generated_Source\PSoC6\pdl\drivers\peripheral\ipc">
        <Files Root="Z:\CE218139_BLE_Eddystone_RTOS\CE218139_BLE_Eddystone_RTOS.cydsn">
          <File BuildType="BUILD" Toolchain="">Generated_Source\PSoC6\pdl\drivers\peripheral\ipc\cy_ipc_drv.c</File>
          <File BuildType="BUILD" Toolchain="">Generated_Source\PSoC6\pdl\drivers\peripheral\ipc\cy_ipc_drv.h</File>
          <File BuildType="BUILD" Toolchain="">Generated_Source\PSoC6\pdl\drivers\peripheral\ipc\cy_ipc_sema.c</File>
          <File BuildType="BUILD" Toolchain="">Generated_Source\PSoC6\pdl\drivers\peripheral\ipc\cy_ipc_sema.h</File>
          <File BuildType="BUILD" Toolchain="">Generated_Source\PSoC6\pdl\drivers\peripheral\ipc\cy_ipc_pipe.c</File>
          <File BuildType="BUILD" Toolchain="">Generated_Source\PSoC6\pdl\drivers\peripheral\ipc\cy_ipc_pipe.h</File>
        </Files>
      </Folder>
      <Folder BuildType="STRICT" Path="Z:\CE218139_BLE_Eddystone_RTOS\CE218139_BLE_Eddystone_RTOS.cydsn\Generated_Source\PSoC6\pdl\drivers\peripheral\sysclk">
        <Files Root="Z:\CE218139_BLE_Eddystone_RTOS\CE218139_BLE_Eddystone_RTOS.cydsn">
          <File BuildType="BUILD" Toolchain="">Generated_Source\PSoC6\pdl\drivers\peripheral\sysclk\cy_sysclk.c</File>
          <File BuildType="BUILD" Toolchain="">Generated_Source\PSoC6\pdl\drivers\peripheral\sysclk\cy_sysclk.h</File>
        </Files>
      </Folder>
      <Folder BuildType="STRICT" Path="Z:\CE218139_BLE_Eddystone_RTOS\CE218139_BLE_Eddystone_RTOS.cydsn\Generated_Source\PSoC6\pdl\drivers\peripheral\wdt">
        <Files Root="Z:\CE218139_BLE_Eddystone_RTOS\CE218139_BLE_Eddystone_RTOS.cydsn">
          <File BuildType="BUILD" Toolchain="">Generated_Source\PSoC6\pdl\drivers\peripheral\wdt\cy_wdt.c</File>
          <File BuildType="BUILD" Toolchain="">Generated_Source\PSoC6\pdl\drivers\peripheral\wdt\cy_wdt.h</File>
        </Files>
      </Folder>
      <Folder BuildType="STRICT" Path="Z:\CE218139_BLE_Eddystone_RTOS\CE218139_BLE_Eddystone_RTOS.cydsn\Generated_Source\PSoC6\pdl\drivers\peripheral\scb">
        <Files Root="Z:\CE218139_BLE_Eddystone_RTOS\CE218139_BLE_Eddystone_RTOS.cydsn">
          <File BuildType="BUILD" Toolchain="">Generated_Source\PSoC6\pdl\drivers\peripheral\scb\cy_scb_common.c</File>
          <File BuildType="BUILD" Toolchain="">Generated_Source\PSoC6\pdl\drivers\peripheral\scb\cy_scb_common.h</File>
          <File BuildType="BUILD" Toolchain="">Generated_Source\PSoC6\pdl\drivers\peripheral\scb\cy_scb_i2c.c</File>
          <File BuildType="BUILD" Toolchain="">Generated_Source\PSoC6\pdl\drivers\peripheral\scb\cy_scb_i2c.h</File>
          <File BuildType="BUILD" Toolchain="">Generated_Source\PSoC6\pdl\drivers\peripheral\scb\cy_scb_ezi2c.c</File>
          <File BuildType="BUILD" Toolchain="">Generated_Source\PSoC6\pdl\drivers\peripheral\scb\cy_scb_ezi2c.h</File>
          <File BuildType="BUILD" Toolchain="">Generated_Source\PSoC6\pdl\drivers\peripheral\scb\cy_scb_spi.c</File>
          <File BuildType="BUILD" Toolchain="">Generated_Source\PSoC6\pdl\drivers\peripheral\scb\cy_scb_spi.h</File>
          <File BuildType="BUILD" Toolchain="">Generated_Source\PSoC6\pdl\drivers\peripheral\scb\cy_scb_uart.c</File>
          <File BuildType="BUILD" Toolchain="">Generated_Source\PSoC6\pdl\drivers\peripheral\scb\cy_scb_uart.h</File>
        </Files>
      </Folder>
      <Folder BuildType="STRICT" Path="Z:\CE218139_BLE_Eddystone_RTOS\CE218139_BLE_Eddystone_RTOS.cydsn\Generated_Source\PSoC6\pdl\drivers\peripheral\efuse">
        <Files Root="Z:\CE218139_BLE_Eddystone_RTOS\CE218139_BLE_Eddystone_RTOS.cydsn">
          <File BuildType="BUILD" Toolchain="">Generated_Source\PSoC6\pdl\drivers\peripheral\efuse\cy_efuse.c</File>
          <File BuildType="BUILD" Toolchain="">Generated_Source\PSoC6\pdl\drivers\peripheral\efuse\cy_efuse.h</File>
        </Files>
      </Folder>
      <Folder BuildType="STRICT" Path="Z:\CE218139_BLE_Eddystone_RTOS\CE218139_BLE_Eddystone_RTOS.cydsn\Generated_Source\PSoC6\pdl\drivers\peripheral\flash">
        <Files Root="Z:\CE218139_BLE_Eddystone_RTOS\CE218139_BLE_Eddystone_RTOS.cydsn">
          <File BuildType="BUILD" Toolchain="">Generated_Source\PSoC6\pdl\drivers\peripheral\flash\cy_flash.c</File>
          <File BuildType="BUILD" Toolchain="">Generated_Source\PSoC6\pdl\drivers\peripheral\flash\cy_flash.h</File>
        </Files>
      </Folder>
      <Folder BuildType="STRICT" Path="Z:\CE218139_BLE_Eddystone_RTOS\CE218139_BLE_Eddystone_RTOS.cydsn\Generated_Source\PSoC6\pdl\drivers\peripheral\gpio">
        <Files Root="Z:\CE218139_BLE_Eddystone_RTOS\CE218139_BLE_Eddystone_RTOS.cydsn">
          <File BuildType="BUILD" Toolchain="">Generated_Source\PSoC6\pdl\drivers\peripheral\gpio\cy_gpio.c</File>
          <File BuildType="BUILD" Toolchain="">Generated_Source\PSoC6\pdl\drivers\peripheral\gpio\cy_gpio.h</File>
        </Files>
      </Folder>
      <Folder BuildType="STRICT" Path="Z:\CE218139_BLE_Eddystone_RTOS\CE218139_BLE_Eddystone_RTOS.cydsn\Generated_Source\PSoC6\pdl\drivers\peripheral\sar">
        <Files Root="Z:\CE218139_BLE_Eddystone_RTOS\CE218139_BLE_Eddystone_RTOS.cydsn">
          <File BuildType="BUILD" Toolchain="">Generated_Source\PSoC6\pdl\drivers\peripheral\sar\cy_sar.c</File>
          <File BuildType="BUILD" Toolchain="">Generated_Source\PSoC6\pdl\drivers\peripheral\sar\cy_sar.h</File>
        </Files>
      </Folder>
      <Folder BuildType="STRICT" Path="Z:\CE218139_BLE_Eddystone_RTOS\CE218139_BLE_Eddystone_RTOS.cydsn\Generated_Source\PSoC6\pdl\drivers\peripheral\sysanalog">
        <Files Root="Z:\CE218139_BLE_Eddystone_RTOS\CE218139_BLE_Eddystone_RTOS.cydsn">
          <File BuildType="BUILD" Toolchain="">Generated_Source\PSoC6\pdl\drivers\peripheral\sysanalog\cy_sysanalog.c</File>
          <File BuildType="BUILD" Toolchain="">Generated_Source\PSoC6\pdl\drivers\peripheral\sysanalog\cy_sysanalog.h</File>
        </Files>
      </Folder>
      <Folder BuildType="STRICT" Path="Z:\CE218139_BLE_Eddystone_RTOS\CE218139_BLE_Eddystone_RTOS.cydsn\Generated_Source\PSoC6\pdl\drivers\peripheral\syspm">
        <Files Root="Z:\CE218139_BLE_Eddystone_RTOS\CE218139_BLE_Eddystone_RTOS.cydsn">
          <File BuildType="BUILD" Toolchain="">Generated_Source\PSoC6\pdl\drivers\peripheral\syspm\cy_syspm.c</File>
          <File BuildType="BUILD" Toolchain="">Generated_Source\PSoC6\pdl\drivers\peripheral\syspm\cy_syspm.h</File>
        </Files>
      </Folder>
      <Folder BuildType="STRICT" Path="Z:\CE218139_BLE_Eddystone_RTOS\CE218139_BLE_Eddystone_RTOS.cydsn\Generated_Source\PSoC6\pdl\drivers\peripheral\syslib">
        <Files Root="Z:\CE218139_BLE_Eddystone_RTOS\CE218139_BLE_Eddystone_RTOS.cydsn">
          <File BuildType="BUILD" Toolchain="">Generated_Source\PSoC6\pdl\drivers\peripheral\syslib\cy_syslib.c</File>
          <File BuildType="BUILD" Toolchain="">Generated_Source\PSoC6\pdl\drivers\peripheral\syslib\cy_syslib.h</File>
        </Files>
      </Folder>
      <Folder BuildType="STRICT" Path="Z:\CE218139_BLE_Eddystone_RTOS\CE218139_BLE_Eddystone_RTOS.cydsn\Generated_Source\PSoC6\pdl\drivers\peripheral\syslib\gcc">
        <Files Root="Z:\CE218139_BLE_Eddystone_RTOS\CE218139_BLE_Eddystone_RTOS.cydsn">
          <File BuildType="BUILD" Toolchain="ARM GCC Generic">Generated_Source\PSoC6\pdl\drivers\peripheral\syslib\gcc\cy_syslib_gcc.S</File>
        </Files>
      </Folder>
      <Folder BuildType="STRICT" Path="Z:\CE218139_BLE_Eddystone_RTOS\CE218139_BLE_Eddystone_RTOS.cydsn\Generated_Source\PSoC6\pdl\drivers\peripheral\syslib\iar">
        <Files Root="Z:\CE218139_BLE_Eddystone_RTOS\CE218139_BLE_Eddystone_RTOS.cydsn">
          <File BuildType="BUILD" Toolchain="ARM IAR Generic">Generated_Source\PSoC6\pdl\drivers\peripheral\syslib\iar\cy_syslib_iar.s</File>
        </Files>
      </Folder>
      <Folder BuildType="STRICT" Path="Z:\CE218139_BLE_Eddystone_RTOS\CE218139_BLE_Eddystone_RTOS.cydsn\Generated_Source\PSoC6\pdl\drivers\peripheral\syslib\mdk">
        <Files Root="Z:\CE218139_BLE_Eddystone_RTOS\CE218139_BLE_Eddystone_RTOS.cydsn">
          <File BuildType="BUILD" Toolchain="ARM MDK Generic">Generated_Source\PSoC6\pdl\drivers\peripheral\syslib\mdk\cy_syslib_mdk.s</File>
        </Files>
      </Folder>
      <Folder BuildType="STRICT" Path="Z:\CE218139_BLE_Eddystone_RTOS\CE218139_BLE_Eddystone_RTOS.cydsn\Generated_Source\PSoC6\pdl\drivers\peripheral\trigmux">
        <Files Root="Z:\CE218139_BLE_Eddystone_RTOS\CE218139_BLE_Eddystone_RTOS.cydsn">
          <File BuildType="BUILD" Toolchain="">Generated_Source\PSoC6\pdl\drivers\peripheral\trigmux\cy_trigmux.c</File>
          <File BuildType="BUILD" Toolchain="">Generated_Source\PSoC6\pdl\drivers\peripheral\trigmux\cy_trigmux.h</File>
        </Files>
      </Folder>
      <Folder BuildType="STRICT" Path="Z:\CE218139_BLE_Eddystone_RTOS\CE218139_BLE_Eddystone_RTOS.cydsn\Generated_Source\PSoC6\pdl\drivers\peripheral\systick">
        <Files Root="Z:\CE218139_BLE_Eddystone_RTOS\CE218139_BLE_Eddystone_RTOS.cydsn">
          <File BuildType="BUILD" Toolchain="">Generated_Source\PSoC6\pdl\drivers\peripheral\systick\cy_systick.c</File>
          <File BuildType="BUILD" Toolchain="">Generated_Source\PSoC6\pdl\drivers\peripheral\systick\cy_systick.h</File>
        </Files>
      </Folder>
      <Folder BuildType="STRICT" Path="Z:\CE218139_BLE_Eddystone_RTOS\CE218139_BLE_Eddystone_RTOS.cydsn\Generated_Source\PSoC6\pdl\drivers\peripheral\profile">
        <Files Root="Z:\CE218139_BLE_Eddystone_RTOS\CE218139_BLE_Eddystone_RTOS.cydsn">
          <File BuildType="BUILD" Toolchain="">Generated_Source\PSoC6\pdl\drivers\peripheral\profile\cy_profile.c</File>
          <File BuildType="BUILD" Toolchain="">Generated_Source\PSoC6\pdl\drivers\peripheral\profile\cy_profile.h</File>
        </Files>
      </Folder>
      <Folder BuildType="STRICT" Path="Z:\CE218139_BLE_Eddystone_RTOS\CE218139_BLE_Eddystone_RTOS.cydsn\Generated_Source\PSoC6\pdl\drivers\peripheral\prot">
        <Files Root="Z:\CE218139_BLE_Eddystone_RTOS\CE218139_BLE_Eddystone_RTOS.cydsn">
          <File BuildType="BUILD" Toolchain="">Generated_Source\PSoC6\pdl\drivers\peripheral\prot\cy_prot.c</File>
          <File BuildType="BUILD" Toolchain="">Generated_Source\PSoC6\pdl\drivers\peripheral\prot\cy_prot.h</File>
        </Files>
      </Folder>
      <Folder BuildType="STRICT" Path="Z:\CE218139_BLE_Eddystone_RTOS\CE218139_BLE_Eddystone_RTOS.cydsn\Generated_Source\PSoC6\pdl\drivers\peripheral\lvd">
        <Files Root="Z:\CE218139_BLE_Eddystone_RTOS\CE218139_BLE_Eddystone_RTOS.cydsn">
          <File BuildType="BUILD" Toolchain="">Generated_Source\PSoC6\pdl\drivers\peripheral\lvd\cy_lvd.c</File>
          <File BuildType="BUILD" Toolchain="">Generated_Source\PSoC6\pdl\drivers\peripheral\lvd\cy_lvd.h</File>
        </Files>
      </Folder>
      <Folder BuildType="STRICT" Path="Z:\CE218139_BLE_Eddystone_RTOS\CE218139_BLE_Eddystone_RTOS.cydsn\Generated_Source\PSoC6\pdl\middleware\ble">
        <Files Root="Z:\CE218139_BLE_Eddystone_RTOS\CE218139_BLE_Eddystone_RTOS.cydsn">
          <File BuildType="BUILD" Toolchain="">Generated_Source\PSoC6\pdl\middleware\ble\cy_ble.c</File>
          <File BuildType="BUILD" Toolchain="">Generated_Source\PSoC6\pdl\middleware\ble\cy_ble.h</File>
          <File BuildType="BUILD" Toolchain="">Generated_Source\PSoC6\pdl\middleware\ble\cy_ble_hal_int.c</File>
          <File BuildType="BUILD" Toolchain="">Generated_Source\PSoC6\pdl\middleware\ble\cy_ble_hal_pvt.c</File>
          <File BuildType="BUILD" Toolchain="">Generated_Source\PSoC6\pdl\middleware\ble\cy_ble_hal_pvt.h</File>
          <File BuildType="BUILD" Toolchain="">Generated_Source\PSoC6\pdl\middleware\ble\cy_ble_defines.h</File>
          <File BuildType="BUILD" Toolchain="">Generated_Source\PSoC6\pdl\middleware\ble\cy_ble_gap.c</File>
          <File BuildType="BUILD" Toolchain="">Generated_Source\PSoC6\pdl\middleware\ble\cy_ble_gap.h</File>
          <File BuildType="BUILD" Toolchain="">Generated_Source\PSoC6\pdl\middleware\ble\cy_ble_gatt.c</File>
          <File BuildType="BUILD" Toolchain="">Generated_Source\PSoC6\pdl\middleware\ble\cy_ble_gatt.h</File>
          <File BuildType="BUILD" Toolchain="">Generated_Source\PSoC6\pdl\middleware\ble\cy_ble_event_handler.c</File>
          <File BuildType="BUILD" Toolchain="">Generated_Source\PSoC6\pdl\middleware\ble\cy_ble_event_handler.h</File>
          <File BuildType="BUILD" Toolchain="">Generated_Source\PSoC6\pdl\middleware\ble\cy_ble_stack.h</File>
          <File BuildType="BUILD" Toolchain="">Generated_Source\PSoC6\pdl\middleware\ble\cy_ble_stack_host_main.h</File>
          <File BuildType="BUILD" Toolchain="">Generated_Source\PSoC6\pdl\middleware\ble\cy_ble_stack_gatt_server.h</File>
          <File BuildType="BUILD" Toolchain="">Generated_Source\PSoC6\pdl\middleware\ble\cy_ble_stack_gap_peripheral.h</File>
          <File BuildType="BUILD" Toolchain="">Generated_Source\PSoC6\pdl\middleware\ble\cy_ble_stack_gatt_client.h</File>
          <File BuildType="BUILD" Toolchain="">Generated_Source\PSoC6\pdl\middleware\ble\cy_ble_stack_l2cap.h</File>
          <File BuildType="BUILD" Toolchain="">Generated_Source\PSoC6\pdl\middleware\ble\cy_ble_stack_pvt.h</File>
          <File BuildType="BUILD" Toolchain="">Generated_Source\PSoC6\pdl\middleware\ble\cy_ble_stack_gatt_db.h</File>
          <File BuildType="BUILD" Toolchain="">Generated_Source\PSoC6\pdl\middleware\ble\cy_ble_stack_gap_central.h</File>
          <File BuildType="BUILD" Toolchain="">Generated_Source\PSoC6\pdl\middleware\ble\cy_ble_stack_gap.h</File>
          <File BuildType="BUILD" Toolchain="">Generated_Source\PSoC6\pdl\middleware\ble\cy_ble_stack_gatt.h</File>
          <File BuildType="BUILD" Toolchain="">Generated_Source\PSoC6\pdl\middleware\ble\cy_ble_stack_host_error.h</File>
          <File BuildType="BUILD" Toolchain="">Generated_Source\PSoC6\pdl\middleware\ble\cy_ble_ancs.c</File>
          <File BuildType="BUILD" Toolchain="">Generated_Source\PSoC6\pdl\middleware\ble\cy_ble_ancs.h</File>
          <File BuildType="BUILD" Toolchain="">Generated_Source\PSoC6\pdl\middleware\ble\cy_ble_ans.c</File>
          <File BuildType="BUILD" Toolchain="">Generated_Source\PSoC6\pdl\middleware\ble\cy_ble_ans.h</File>
          <File BuildType="BUILD" Toolchain="">Generated_Source\PSoC6\pdl\middleware\ble\cy_ble_aios.c</File>
          <File BuildType="BUILD" Toolchain="">Generated_Source\PSoC6\pdl\middleware\ble\cy_ble_aios.h</File>
          <File BuildType="BUILD" Toolchain="">Generated_Source\PSoC6\pdl\middleware\ble\cy_ble_bas.c</File>
          <File BuildType="BUILD" Toolchain="">Generated_Source\PSoC6\pdl\middleware\ble\cy_ble_bas.h</File>
          <File BuildType="BUILD" Toolchain="">Generated_Source\PSoC6\pdl\middleware\ble\cy_ble_bcs.c</File>
          <File BuildType="BUILD" Toolchain="">Generated_Source\PSoC6\pdl\middleware\ble\cy_ble_bcs.h</File>
          <File BuildType="BUILD" Toolchain="">Generated_Source\PSoC6\pdl\middleware\ble\cy_ble_bls.c</File>
          <File BuildType="BUILD" Toolchain="">Generated_Source\PSoC6\pdl\middleware\ble\cy_ble_bls.h</File>
          <File BuildType="BUILD" Toolchain="">Generated_Source\PSoC6\pdl\middleware\ble\cy_ble_bms.c</File>
          <File BuildType="BUILD" Toolchain="">Generated_Source\PSoC6\pdl\middleware\ble\cy_ble_bms.h</File>
          <File BuildType="BUILD" Toolchain="">Generated_Source\PSoC6\pdl\middleware\ble\cy_ble_bts.c</File>
          <File BuildType="BUILD" Toolchain="">Generated_Source\PSoC6\pdl\middleware\ble\cy_ble_bts.h</File>
          <File BuildType="BUILD" Toolchain="">Generated_Source\PSoC6\pdl\middleware\ble\cy_ble_cgms.c</File>
          <File BuildType="BUILD" Toolchain="">Generated_Source\PSoC6\pdl\middleware\ble\cy_ble_cgms.h</File>
          <File BuildType="BUILD" Toolchain="">Generated_Source\PSoC6\pdl\middleware\ble\cy_ble_cps.c</File>
          <File BuildType="BUILD" Toolchain="">Generated_Source\PSoC6\pdl\middleware\ble\cy_ble_cps.h</File>
          <File BuildType="BUILD" Toolchain="">Generated_Source\PSoC6\pdl\middleware\ble\cy_ble_cscs.c</File>
          <File BuildType="BUILD" Toolchain="">Generated_Source\PSoC6\pdl\middleware\ble\cy_ble_cscs.h</File>
          <File BuildType="BUILD" Toolchain="">Generated_Source\PSoC6\pdl\middleware\ble\cy_ble_cts.c</File>
          <File BuildType="BUILD" Toolchain="">Generated_Source\PSoC6\pdl\middleware\ble\cy_ble_cts.h</File>
          <File BuildType="BUILD" Toolchain="">Generated_Source\PSoC6\pdl\middleware\ble\cy_ble_custom.c</File>
          <File BuildType="BUILD" Toolchain="">Generated_Source\PSoC6\pdl\middleware\ble\cy_ble_custom.h</File>
          <File BuildType="BUILD" Toolchain="">Generated_Source\PSoC6\pdl\middleware\ble\cy_ble_dis.c</File>
          <File BuildType="BUILD" Toolchain="">Generated_Source\PSoC6\pdl\middleware\ble\cy_ble_dis.h</File>
          <File BuildType="BUILD" Toolchain="">Generated_Source\PSoC6\pdl\middleware\ble\cy_ble_ess.c</File>
          <File BuildType="BUILD" Toolchain="">Generated_Source\PSoC6\pdl\middleware\ble\cy_ble_ess.h</File>
          <File BuildType="BUILD" Toolchain="">Generated_Source\PSoC6\pdl\middleware\ble\cy_ble_gls.c</File>
          <File BuildType="BUILD" Toolchain="">Generated_Source\PSoC6\pdl\middleware\ble\cy_ble_gls.h</File>
          <File BuildType="BUILD" Toolchain="">Generated_Source\PSoC6\pdl\middleware\ble\cy_ble_hids.c</File>
          <File BuildType="BUILD" Toolchain="">Generated_Source\PSoC6\pdl\middleware\ble\cy_ble_hids.h</File>
          <File BuildType="BUILD" Toolchain="">Generated_Source\PSoC6\pdl\middleware\ble\cy_ble_hps.c</File>
          <File BuildType="BUILD" Toolchain="">Generated_Source\PSoC6\pdl\middleware\ble\cy_ble_hps.h</File>
          <File BuildType="BUILD" Toolchain="">Generated_Source\PSoC6\pdl\middleware\ble\cy_ble_hrs.c</File>
          <File BuildType="BUILD" Toolchain="">Generated_Source\PSoC6\pdl\middleware\ble\cy_ble_hrs.h</File>
          <File BuildType="BUILD" Toolchain="">Generated_Source\PSoC6\pdl\middleware\ble\cy_ble_hts.c</File>
          <File BuildType="BUILD" Toolchain="">Generated_Source\PSoC6\pdl\middleware\ble\cy_ble_hts.h</File>
          <File BuildType="BUILD" Toolchain="">Generated_Source\PSoC6\pdl\middleware\ble\cy_ble_ias.c</File>
          <File BuildType="BUILD" Toolchain="">Generated_Source\PSoC6\pdl\middleware\ble\cy_ble_ias.h</File>
          <File BuildType="BUILD" Toolchain="">Generated_Source\PSoC6\pdl\middleware\ble\cy_ble_ips.c</File>
          <File BuildType="BUILD" Toolchain="">Generated_Source\PSoC6\pdl\middleware\ble\cy_ble_ips.h</File>
          <File BuildType="BUILD" Toolchain="">Generated_Source\PSoC6\pdl\middleware\ble\cy_ble_lls.c</File>
          <File BuildType="BUILD" Toolchain="">Generated_Source\PSoC6\pdl\middleware\ble\cy_ble_lls.h</File>
          <File BuildType="BUILD" Toolchain="">Generated_Source\PSoC6\pdl\middleware\ble\cy_ble_lns.c</File>
          <File BuildType="BUILD" Toolchain="">Generated_Source\PSoC6\pdl\middleware\ble\cy_ble_lns.h</File>
          <File BuildType="BUILD" Toolchain="">Generated_Source\PSoC6\pdl\middleware\ble\cy_ble_ndcs.c</File>
          <File BuildType="BUILD" Toolchain="">Generated_Source\PSoC6\pdl\middleware\ble\cy_ble_ndcs.h</File>
          <File BuildType="BUILD" Toolchain="">Generated_Source\PSoC6\pdl\middleware\ble\cy_ble_plxs.c</File>
          <File BuildType="BUILD" Toolchain="">Generated_Source\PSoC6\pdl\middleware\ble\cy_ble_plxs.h</File>
          <File BuildType="BUILD" Toolchain="">Generated_Source\PSoC6\pdl\middleware\ble\cy_ble_pass.c</File>
          <File BuildType="BUILD" Toolchain="">Generated_Source\PSoC6\pdl\middleware\ble\cy_ble_pass.h</File>
          <File BuildType="BUILD" Toolchain="">Generated_Source\PSoC6\pdl\middleware\ble\cy_ble_rscs.c</File>
          <File BuildType="BUILD" Toolchain="">Generated_Source\PSoC6\pdl\middleware\ble\cy_ble_rscs.h</File>
          <File BuildType="BUILD" Toolchain="">Generated_Source\PSoC6\pdl\middleware\ble\cy_ble_rtus.c</File>
          <File BuildType="BUILD" Toolchain="">Generated_Source\PSoC6\pdl\middleware\ble\cy_ble_rtus.h</File>
          <File BuildType="BUILD" Toolchain="">Generated_Source\PSoC6\pdl\middleware\ble\cy_ble_scps.c</File>
          <File BuildType="BUILD" Toolchain="">Generated_Source\PSoC6\pdl\middleware\ble\cy_ble_scps.h</File>
          <File BuildType="BUILD" Toolchain="">Generated_Source\PSoC6\pdl\middleware\ble\cy_ble_tps.c</File>
          <File BuildType="BUILD" Toolchain="">Generated_Source\PSoC6\pdl\middleware\ble\cy_ble_tps.h</File>
          <File BuildType="BUILD" Toolchain="">Generated_Source\PSoC6\pdl\middleware\ble\cy_ble_uds.c</File>
          <File BuildType="BUILD" Toolchain="">Generated_Source\PSoC6\pdl\middleware\ble\cy_ble_uds.h</File>
          <File BuildType="BUILD" Toolchain="">Generated_Source\PSoC6\pdl\middleware\ble\cy_ble_wpts.c</File>
          <File BuildType="BUILD" Toolchain="">Generated_Source\PSoC6\pdl\middleware\ble\cy_ble_wpts.h</File>
          <File BuildType="BUILD" Toolchain="">Generated_Source\PSoC6\pdl\middleware\ble\cy_ble_wss.c</File>
          <File BuildType="BUILD" Toolchain="">Generated_Source\PSoC6\pdl\middleware\ble\cy_ble_wss.h</File>
          <File BuildType="BUILD" Toolchain="">Generated_Source\PSoC6\pdl\middleware\ble\cy_ble_clk.c</File>
          <File BuildType="BUILD" Toolchain="">Generated_Source\PSoC6\pdl\middleware\ble\cy_ble_clk.h</File>
        </Files>
      </Folder>
      <Folder BuildType="STRICT" Path="Z:\CE218139_BLE_Eddystone_RTOS\CE218139_BLE_Eddystone_RTOS.cydsn\Generated_Source\PSoC6\pdl\middleware\ble\lib">
        <Files Root="Z:\CE218139_BLE_Eddystone_RTOS\CE218139_BLE_Eddystone_RTOS.cydsn">
          <File BuildType="BUILD" Toolchain="ARM GCC Generic;ARM IAR Generic">Generated_Source\PSoC6\pdl\middleware\ble\lib\cy_ble_stack_gcc_radio_max_cm0p.a</File>
          <File BuildType="BUILD" Toolchain="ARM MDK Generic">Generated_Source\PSoC6\pdl\middleware\ble\lib\cy_ble_stack_mdk_radio_max_cm0p.a</File>
          <File BuildType="BUILD" Toolchain="ARM GCC Generic;ARM IAR Generic">Generated_Source\PSoC6\pdl\middleware\ble\lib\cy_ble_stack_gcc_controller_ipc_cm0p.a</File>
          <File BuildType="BUILD" Toolchain="ARM MDK Generic">Generated_Source\PSoC6\pdl\middleware\ble\lib\cy_ble_stack_mdk_controller_ipc_cm0p.a</File>
        </Files>
      </Folder>
      <Folder BuildType="STRICT" Path="Z:\CE218139_BLE_Eddystone_RTOS\CE218139_BLE_Eddystone_RTOS.cydsn\Generated_Source\PSoC6\pdl\rtos\FreeRTOS\9.0.0\Source">
        <Files Root="Z:\CE218139_BLE_Eddystone_RTOS\CE218139_BLE_Eddystone_RTOS.cydsn" />
      </Folder>
      <Folder BuildType="STRICT" Path="Z:\CE218139_BLE_Eddystone_RTOS\CE218139_BLE_Eddystone_RTOS.cydsn\Generated_Source\PSoC6\pdl\rtos\FreeRTOS\9.0.0\Source\include">
        <Files Root="Z:\CE218139_BLE_Eddystone_RTOS\CE218139_BLE_Eddystone_RTOS.cydsn" />
      </Folder>
      <Folder BuildType="STRICT" Path="Z:\CE218139_BLE_Eddystone_RTOS\CE218139_BLE_Eddystone_RTOS.cydsn\Generated_Source\PSoC6\pdl\rtos\FreeRTOS\9.0.0\Source\portable\GCC\CM4F">
        <Files Root="Z:\CE218139_BLE_Eddystone_RTOS\CE218139_BLE_Eddystone_RTOS.cydsn" />
      </Folder>
      <Folder BuildType="STRICT" Path="Z:\CE218139_BLE_Eddystone_RTOS\CE218139_BLE_Eddystone_RTOS.cydsn\Generated_Source\PSoC6\pdl\rtos\FreeRTOS\9.0.0\Source\portable\IAR\CM4F">
        <Files Root="Z:\CE218139_BLE_Eddystone_RTOS\CE218139_BLE_Eddystone_RTOS.cydsn" />
      </Folder>
      <Folder BuildType="STRICT" Path="Z:\CE218139_BLE_Eddystone_RTOS\CE218139_BLE_Eddystone_RTOS.cydsn\Generated_Source\PSoC6\pdl\rtos\FreeRTOS\9.0.0\Source\portable\MDK\CM4F">
        <Files Root="Z:\CE218139_BLE_Eddystone_RTOS\CE218139_BLE_Eddystone_RTOS.cydsn" />
      </Folder>
      <Folder BuildType="STRICT" Path="Z:\CE218139_BLE_Eddystone_RTOS\CE218139_BLE_Eddystone_RTOS.cydsn\Generated_Source\PSoC6\pdl\rtos\FreeRTOS\9.0.0\Source\portable\MemMang">
        <Files Root="Z:\CE218139_BLE_Eddystone_RTOS\CE218139_BLE_Eddystone_RTOS.cydsn" />
      </Folder>
      <Folder BuildType="STRICT" Path="Z:\CE218139_BLE_Eddystone_RTOS\CE218139_BLE_Eddystone_RTOS.cydsn\Generated_Source\PSoC6\pdl\utilities\retarget_io">
        <Files Root="Z:\CE218139_BLE_Eddystone_RTOS\CE218139_BLE_Eddystone_RTOS.cydsn">
          <File BuildType="BUILD" Toolchain="">Generated_Source\PSoC6\pdl\utilities\retarget_io\retarget.c</File>
        </Files>
      </Folder>
      <Folder BuildType="STRICT" Path="Z:\CE218139_BLE_Eddystone_RTOS\CE218139_BLE_Eddystone_RTOS.cydsn\Generated_Source\PSoC6\pdl\devices\psoc6\psoc63\include">
        <Files Root="Z:\CE218139_BLE_Eddystone_RTOS\CE218139_BLE_Eddystone_RTOS.cydsn">
          <File BuildType="BUILD" Toolchain="">Generated_Source\PSoC6\pdl\devices\psoc6\psoc63\include\cy8c6347bzi_bld53.h</File>
          <File BuildType="BUILD" Toolchain="">Generated_Source\PSoC6\pdl\devices\psoc6\psoc63\include\psoc63_config.h</File>
          <File BuildType="BUILD" Toolchain="">Generated_Source\PSoC6\pdl\devices\psoc6\psoc63\include\cy_device_headers.h</File>
          <File BuildType="BUILD" Toolchain="">Generated_Source\PSoC6\pdl\devices\psoc6\psoc63\include\gpio_psoc63_116_bga_ble.h</File>
        </Files>
      </Folder>
      <Folder BuildType="STRICT" Path="Z:\CE218139_BLE_Eddystone_RTOS\CE218139_BLE_Eddystone_RTOS.cydsn\Generated_Source\PSoC6\pdl\devices\psoc6\ip">
        <Files Root="Z:\CE218139_BLE_Eddystone_RTOS\CE218139_BLE_Eddystone_RTOS.cydsn">
          <File BuildType="BUILD" Toolchain="">Generated_Source\PSoC6\pdl\devices\psoc6\ip\cyip_sflash.h</File>
          <File BuildType="BUILD" Toolchain="">Generated_Source\PSoC6\pdl\devices\psoc6\ip\cyip_peri.h</File>
          <File BuildType="BUILD" Toolchain="">Generated_Source\PSoC6\pdl\devices\psoc6\ip\cyip_crypto.h</File>
          <File BuildType="BUILD" Toolchain="">Generated_Source\PSoC6\pdl\devices\psoc6\ip\cyip_cpuss.h</File>
          <File BuildType="BUILD" Toolchain="">Generated_Source\PSoC6\pdl\devices\psoc6\ip\cyip_fault.h</File>
          <File BuildType="BUILD" Toolchain="">Generated_Source\PSoC6\pdl\devices\psoc6\ip\cyip_ipc.h</File>
          <File BuildType="BUILD" Toolchain="">Generated_Source\PSoC6\pdl\devices\psoc6\ip\cyip_prot.h</File>
          <File BuildType="BUILD" Toolchain="">Generated_Source\PSoC6\pdl\devices\psoc6\ip\cyip_flashc.h</File>
          <File BuildType="BUILD" Toolchain="">Generated_Source\PSoC6\pdl\devices\psoc6\ip\cyip_srss.h</File>
          <File BuildType="BUILD" Toolchain="">Generated_Source\PSoC6\pdl\devices\psoc6\ip\cyip_backup.h</File>
          <File BuildType="BUILD" Toolchain="">Generated_Source\PSoC6\pdl\devices\psoc6\ip\cyip_dw.h</File>
          <File BuildType="BUILD" Toolchain="">Generated_Source\PSoC6\pdl\devices\psoc6\ip\cyip_efuse.h</File>
          <File BuildType="BUILD" Toolchain="">Generated_Source\PSoC6\pdl\devices\psoc6\ip\cyip_efuse_data.h</File>
          <File BuildType="BUILD" Toolchain="">Generated_Source\PSoC6\pdl\devices\psoc6\ip\cyip_profile.h</File>
          <File BuildType="BUILD" Toolchain="">Generated_Source\PSoC6\pdl\devices\psoc6\ip\cyip_hsiom.h</File>
          <File BuildType="BUILD" Toolchain="">Generated_Source\PSoC6\pdl\devices\psoc6\ip\cyip_gpio.h</File>
          <File BuildType="BUILD" Toolchain="">Generated_Source\PSoC6\pdl\devices\psoc6\ip\cyip_smartio.h</File>
          <File BuildType="BUILD" Toolchain="">Generated_Source\PSoC6\pdl\devices\psoc6\ip\cyip_udb.h</File>
          <File BuildType="BUILD" Toolchain="">Generated_Source\PSoC6\pdl\devices\psoc6\ip\cyip_lpcomp.h</File>
          <File BuildType="BUILD" Toolchain="">Generated_Source\PSoC6\pdl\devices\psoc6\ip\cyip_csd.h</File>
          <File BuildType="BUILD" Toolchain="">Generated_Source\PSoC6\pdl\devices\psoc6\ip\cyip_tcpwm.h</File>
          <File BuildType="BUILD" Toolchain="">Generated_Source\PSoC6\pdl\devices\psoc6\ip\cyip_lcd.h</File>
          <File BuildType="BUILD" Toolchain="">Generated_Source\PSoC6\pdl\devices\psoc6\ip\cyip_ble.h</File>
          <File BuildType="BUILD" Toolchain="">Generated_Source\PSoC6\pdl\devices\psoc6\ip\cyip_usbfs.h</File>
          <File BuildType="BUILD" Toolchain="">Generated_Source\PSoC6\pdl\devices\psoc6\ip\cyip_smif.h</File>
          <File BuildType="BUILD" Toolchain="">Generated_Source\PSoC6\pdl\devices\psoc6\ip\cyip_scb.h</File>
          <File BuildType="BUILD" Toolchain="">Generated_Source\PSoC6\pdl\devices\psoc6\ip\cyip_ctbm.h</File>
          <File BuildType="BUILD" Toolchain="">Generated_Source\PSoC6\pdl\devices\psoc6\ip\cyip_ctdac.h</File>
          <File BuildType="BUILD" Toolchain="">Generated_Source\PSoC6\pdl\devices\psoc6\ip\cyip_sar.h</File>
          <File BuildType="BUILD" Toolchain="">Generated_Source\PSoC6\pdl\devices\psoc6\ip\cyip_pass.h</File>
          <File BuildType="BUILD" Toolchain="">Generated_Source\PSoC6\pdl\devices\psoc6\ip\cyip_i2s.h</File>
          <File BuildType="BUILD" Toolchain="">Generated_Source\PSoC6\pdl\devices\psoc6\ip\cyip_pdm.h</File>
          <File BuildType="BUILD" Toolchain="">Generated_Source\PSoC6\pdl\devices\psoc6\ip\cyip_headers.h</File>
        </Files>
      </Folder>
      <Folder BuildType="EXCLUDE" Path=".\codegentemp">
        <Files Root="Z:\CE218139_BLE_Eddystone_RTOS\CE218139_BLE_Eddystone_RTOS.cydsn" />
      </Folder>
      <Folder BuildType="EXCLUDE" Path=".\ARM_GCC_441">
        <Files Root="Z:\CE218139_BLE_Eddystone_RTOS\CE218139_BLE_Eddystone_RTOS.cydsn" />
      </Folder>
      <Folder BuildType="EXCLUDE" Path=".\ARM_GCC_473">
        <Files Root="Z:\CE218139_BLE_Eddystone_RTOS\CE218139_BLE_Eddystone_RTOS.cydsn" />
      </Folder>
      <Folder BuildType="EXCLUDE" Path=".\DP8051_Keil_952">
        <Files Root="Z:\CE218139_BLE_Eddystone_RTOS\CE218139_BLE_Eddystone_RTOS.cydsn" />
      </Folder>
      <Folder BuildType="EXCLUDE" Path=".\DP8051">
        <Files Root="Z:\CE218139_BLE_Eddystone_RTOS\CE218139_BLE_Eddystone_RTOS.cydsn" />
      </Folder>
      <Folder BuildType="EXCLUDE" Path=".\CortexM0">
        <Files Root="Z:\CE218139_BLE_Eddystone_RTOS\CE218139_BLE_Eddystone_RTOS.cydsn" />
      </Folder>
      <Folder BuildType="EXCLUDE" Path=".\CortexM0p">
        <Files Root="Z:\CE218139_BLE_Eddystone_RTOS\CE218139_BLE_Eddystone_RTOS.cydsn" />
      </Folder>
      <Folder BuildType="EXCLUDE" Path=".\CortexM3">
        <Files Root="Z:\CE218139_BLE_Eddystone_RTOS\CE218139_BLE_Eddystone_RTOS.cydsn" />
      </Folder>
      <Folder BuildType="EXCLUDE" Path=".\CortexM4">
        <Files Root="Z:\CE218139_BLE_Eddystone_RTOS\CE218139_BLE_Eddystone_RTOS.cydsn" />
      </Folder>
      <Folder BuildType="EXCLUDE" Path=".\CortexM7">
        <Files Root="Z:\CE218139_BLE_Eddystone_RTOS\CE218139_BLE_Eddystone_RTOS.cydsn" />
      </Folder>
    </Folders>
  </Project>
</PSoCCreatorIdeExport>